id,screen,source,role,access,required_states,web_observed,android,ios,evidence,defects,not_tested
S01,/choice,app/(auth)/choice.tsx,гость,redirect welcome,обычное; loading; empty; error; retry; доступ; сохранение где применимо,guest: default,BLOCKED: engineering release built; no install/device,BLOCKED: no archive/signing/device,evidence/screenshots/guest-choice.png,,"Не засчитаны native release/physical, клавиатура/Back/жесты/большой шрифт/permissions. Непоказанные роли/состояния не PASS."
S02,/login,app/(auth)/login.tsx,гость,public,обычное; loading; empty; error; retry; доступ; сохранение где применимо,guest: default; guest: system dark web,BLOCKED: engineering release built; no install/device,BLOCKED: no archive/signing/device,evidence/screenshots/guest-login.png;evidence/screenshots/extra-login-dark.png,,"Не засчитаны native release/physical, клавиатура/Back/жесты/большой шрифт/permissions. Непоказанные роли/состояния не PASS."
S03,/register,app/(auth)/register.tsx,гость: customer/plumber,"public, consent для plumber",обычное; loading; empty; error; retry; доступ; сохранение где применимо,guest: default; guest: invalid empty,BLOCKED: engineering release built; no install/device,BLOCKED: no archive/signing/device,evidence/screenshots/guest-register.png;evidence/screenshots/register-validation.png;evidence/screenshots/guest-register-bottom.png;evidence/screenshots/register-validation-bottom.png,"D07,D08,D14","Не засчитаны native release/physical, клавиатура/Back/жесты/большой шрифт/permissions. Непоказанные роли/состояния не PASS. Gallery показывает customer; plumber contract/consent проверены серверными fixtures, полная native registration не проверена."
S04,/welcome,app/(auth)/welcome.tsx,гость,public,обычное; loading; empty; error; retry; доступ; сохранение где применимо,guest: default,BLOCKED: engineering release built; no install/device,BLOCKED: no archive/signing/device,evidence/screenshots/guest-welcome.png,,"Не засчитаны native release/physical, клавиатура/Back/жесты/большой шрифт/permissions. Непоказанные роли/состояния не PASS."
S05,/cart,app/(tabs)/cart/index.tsx,все,локальная корзина; checkout требует auth,обычное; loading; empty; error; retry; доступ; сохранение где применимо,guest: default; customer: default,BLOCKED: engineering release built; no install/device,BLOCKED: no archive/signing/device,evidence/screenshots/guest-cart.png;evidence/screenshots/customer-cart-populated.png,,"Не засчитаны native release/physical, клавиатура/Back/жесты/большой шрифт/permissions. Непоказанные роли/состояния не PASS."
S06,/catalog,app/(tabs)/catalog/index.tsx,все,"public; карты скрыты из professional tab bar, direct route остаётся",обычное; loading; empty; error; retry; доступ; сохранение где применимо,guest: default,BLOCKED: engineering release built; no install/device,BLOCKED: no archive/signing/device,evidence/screenshots/guest-catalog.png,D12,"Не засчитаны native release/physical, клавиатура/Back/жесты/большой шрифт/permissions. Непоказанные роли/состояния не PASS."
S07,/leads,app/(tabs)/leads/index.tsx,approved plumber,подтверждённая анкета,обычное; loading; empty; error; retry; доступ; сохранение где применимо,plumber: default,BLOCKED: engineering release built; no install/device,BLOCKED: no archive/signing/device,evidence/screenshots/plumber-leads.png,,"Не засчитаны native release/physical, клавиатура/Back/жесты/большой шрифт/permissions. Непоказанные роли/состояния не PASS."
S08,/maps,app/(tabs)/maps/index.tsx,все,"public; карты скрыты из professional tab bar, direct route остаётся",обычное; loading; empty; error; retry; доступ; сохранение где применимо,guest: default; guest: 430x932; guest: 320x568 six branches scroll,BLOCKED: engineering release built; no install/device,BLOCKED: no archive/signing/device,evidence/screenshots/guest-maps.png;evidence/screenshots/large-map.png;evidence/screenshots/extra-map-selector-compact.png;evidence/screenshots/guest-maps-bottom.png;evidence/screenshots/large-map-bottom.png;evidence/screenshots/extra-map-selector-compact-bottom.png,"D09,D10","Не засчитаны native release/physical, клавиатура/Back/жесты/большой шрифт/permissions. Непоказанные роли/состояния не PASS. D10 popup clipping остаётся."
S09,/orders,app/(tabs)/orders/index.tsx,покупатель/мастер,auth; гость видит призыв войти,обычное; loading; empty; error; retry; доступ; сохранение где применимо,guest: default; customer: default,BLOCKED: engineering release built; no install/device,BLOCKED: no archive/signing/device,evidence/screenshots/guest-orders.png;evidence/screenshots/customer-orders.png,,"Не засчитаны native release/physical, клавиатура/Back/жесты/большой шрифт/permissions. Непоказанные роли/состояния не PASS."
S10,/plumber-home,app/(tabs)/plumber-home/index.tsx,approved plumber,пять профессиональных tabs,обычное; loading; empty; error; retry; доступ; сохранение где применимо,plumber: default,BLOCKED: engineering release built; no install/device,BLOCKED: no archive/signing/device,evidence/screenshots/plumber-plumber-home.png;evidence/screenshots/plumber-plumber-home-bottom.png,,"Не засчитаны native release/physical, клавиатура/Back/жесты/большой шрифт/permissions. Непоказанные роли/состояния не PASS."
S11,/profile,app/(tabs)/profile/index.tsx,все,auth показывает профиль; guest заглушка,обычное; loading; empty; error; retry; доступ; сохранение где применимо,guest: default; customer: default; plumber: default,BLOCKED: engineering release built; no install/device,BLOCKED: no archive/signing/device,evidence/screenshots/guest-profile.png;evidence/screenshots/customer-profile.png;evidence/screenshots/plumber-profile.png;evidence/screenshots/plumber-profile-bottom.png,"D06,D07","Не засчитаны native release/physical, клавиатура/Back/жесты/большой шрифт/permissions. Непоказанные роли/состояния не PASS."
S12,/admin,app/admin/index.tsx,admin,user.isAdmin + server hasAdminAccess,обычное; loading; empty; error; retry; доступ; сохранение где применимо,guest: default; admin: default; admin: Анкеты; admin: Заявки; admin: Чеки; admin: Правила; admin: localized experience,BLOCKED: engineering release built; no install/device,BLOCKED: no archive/signing/device,evidence/screenshots/guest-admin.png;evidence/screenshots/admin-overview.png;evidence/screenshots/admin-applications.png;evidence/screenshots/admin-leads.png;evidence/screenshots/admin-receipts.png;evidence/screenshots/admin-rules.png;evidence/screenshots/extra-experience-labels.png;evidence/screenshots/admin-overview-bottom.png;evidence/screenshots/admin-applications-bottom.png;evidence/screenshots/admin-receipts-bottom.png;evidence/screenshots/admin-rules-bottom.png;evidence/screenshots/extra-experience-labels-bottom.png,"D01,D15","Не засчитаны native release/physical, клавиатура/Back/жесты/большой шрифт/permissions. Непоказанные роли/состояния не PASS."
S13,/category/[id],app/category/[id].tsx,все,"public; карты скрыты из professional tab bar, direct route остаётся",обычное; loading; empty; error; retry; доступ; сохранение где применимо,guest: default; guest: 320x568; guest: add toast; guest: sort selector open; guest: sort selected; guest: empty search; guest: search result,BLOCKED: engineering release built; no install/device,BLOCKED: no archive/signing/device,evidence/screenshots/guest-category-all-products.png;evidence/screenshots/compact-category.png;evidence/screenshots/extra-add-toast.png;evidence/screenshots/extra-sort-open.png;evidence/screenshots/extra-sort-selected.png;evidence/screenshots/extra-category-empty.png;evidence/screenshots/extra-category-search.png;evidence/screenshots/guest-category-all-products-bottom.png;evidence/screenshots/compact-category-bottom.png;evidence/screenshots/extra-add-toast-bottom.png;evidence/screenshots/extra-sort-open-bottom.png;evidence/screenshots/extra-sort-selected-bottom.png,,"Не засчитаны native release/physical, клавиатура/Back/жесты/большой шрифт/permissions. Непоказанные роли/состояния не PASS."
S14,/checkout,app/checkout/index.tsx,покупатель/approved plumber,auth; mode=reservation требует approved,обычное; loading; empty; error; retry; доступ; сохранение где применимо,customer: default; customer: delivery,BLOCKED: engineering release built; no install/device,BLOCKED: no archive/signing/device,evidence/screenshots/customer-checkout-pickup.png;evidence/screenshots/customer-checkout-delivery.png;evidence/screenshots/flow-select-search.png;evidence/screenshots/flow-trusted-quote.png;evidence/screenshots/flow-lost-response.png;evidence/ui-flows.json,"D02,D03","Не засчитаны native release/physical, клавиатура/Back/жесты/большой шрифт/permissions. Непоказанные роли/состояния не PASS."
S15,/find-plumber,app/find-plumber/index.tsx,покупатель,auth; гость видит prompt,обычное; loading; empty; error; retry; доступ; сохранение где применимо,guest: default; customer: default; customer: expanded form,BLOCKED: engineering release built; no install/device,BLOCKED: no archive/signing/device,evidence/screenshots/guest-find-plumber.png;evidence/screenshots/customer-find-plumber.png;evidence/screenshots/extra-find-plumber-form.png;evidence/screenshots/extra-find-plumber-form-bottom.png,,"Не засчитаны native release/physical, клавиатура/Back/жесты/большой шрифт/permissions. Непоказанные роли/состояния не PASS."
S16,/image-search,app/image-search/index.tsx,все,"public; карты скрыты из professional tab bar, direct route остаётся",обычное; loading; empty; error; retry; доступ; сохранение где применимо,guest: default,BLOCKED: engineering release built; no install/device,BLOCKED: no archive/signing/device,evidence/screenshots/guest-image-search.png,,"Не засчитаны native release/physical, клавиатура/Back/жесты/большой шрифт/permissions. Непоказанные роли/состояния не PASS."
S17,/,app/index.tsx,все,initial auth restore → welcome/catalog/plumber-home,обычное; loading; empty; error; retry; доступ; сохранение где применимо,guest: root redirect,BLOCKED: engineering release built; no install/device,BLOCKED: no archive/signing/device,evidence/screenshots/extra-root.png,,"Не засчитаны native release/physical, клавиатура/Back/жесты/большой шрифт/permissions. Непоказанные роли/состояния не PASS."
S18,/orders/[id],app/orders/[id].tsx,владелец заказа,auth+ownership,обычное; loading; empty; error; retry; доступ; сохранение где применимо,customer: default,BLOCKED: engineering release built; no install/device,BLOCKED: no archive/signing/device,evidence/screenshots/customer-orders-f50ad330-24d7-4a68-b497-f00935a6a7ad.png;evidence/screenshots/customer-orders-f50ad330-24d7-4a68-b497-f00935a6a7ad-bottom.png;evidence/screenshots/flow-order-confirmed.png;evidence/screenshots/flow-order-reopened.png,D02,"Не засчитаны native release/physical, клавиатура/Back/жесты/большой шрифт/permissions. Непоказанные роли/состояния не PASS."
S19,/plumber/apply,app/plumber/apply.tsx,покупатель/любой plumber status,auth; pending/rejected/suspended/approved UI,обычное; loading; empty; error; retry; доступ; сохранение где применимо,guest: default; customer: default; plumber: default,BLOCKED: engineering release built; no install/device,BLOCKED: no archive/signing/device,evidence/screenshots/guest-plumber-apply.png;evidence/screenshots/customer-plumber-apply.png;evidence/screenshots/plumber-plumber-apply.png;evidence/screenshots/customer-plumber-apply-bottom.png,"D07,D08,D14","Не засчитаны native release/physical, клавиатура/Back/жесты/большой шрифт/permissions. Непоказанные роли/состояния не PASS."
S20,/plumber/content,app/plumber/content.tsx,approved plumber,content active + training registration,обычное; loading; empty; error; retry; доступ; сохранение где применимо,plumber: default,BLOCKED: engineering release built; no install/device,BLOCKED: no archive/signing/device,evidence/screenshots/plumber-plumber-content.png,,"Не засчитаны native release/physical, клавиатура/Back/жесты/большой шрифт/permissions. Непоказанные роли/состояния не PASS."
S21,/plumber/history,app/plumber/history.tsx,approved plumber,status filters,обычное; loading; empty; error; retry; доступ; сохранение где применимо,plumber: default; plumber: filter Все; plumber: filter Ожидает; plumber: filter Начислено; plumber: filter Использовано; plumber: filter Возвраты,BLOCKED: engineering release built; no install/device,BLOCKED: no archive/signing/device,evidence/screenshots/plumber-plumber-history.png;evidence/screenshots/extra-history-all.png;evidence/screenshots/extra-history-pending.png;evidence/screenshots/extra-history-available.png;evidence/screenshots/extra-history-spent.png;evidence/screenshots/extra-history-returns.png;evidence/screenshots/plumber-plumber-history-bottom.png;evidence/screenshots/extra-history-all-bottom.png;evidence/screenshots/extra-history-available-bottom.png;evidence/screenshots/flow-ledger-last-page.png;evidence/ui-flows.json,"D11,D15","Не засчитаны native release/physical, клавиатура/Back/жесты/большой шрифт/permissions. Непоказанные роли/состояния не PASS."
S22,/plumber/qr,app/plumber/qr.tsx,approved plumber,QR+brightness,обычное; loading; empty; error; retry; доступ; сохранение где применимо,plumber: default,BLOCKED: engineering release built; no install/device,BLOCKED: no archive/signing/device,evidence/screenshots/plumber-plumber-qr.png,,"Не засчитаны native release/physical, клавиатура/Back/жесты/большой шрифт/permissions. Непоказанные роли/состояния не PASS."
S23,/plumber/reviews,app/plumber/reviews.tsx,approved plumber,review list,обычное; loading; empty; error; retry; доступ; сохранение где применимо,plumber: default,BLOCKED: engineering release built; no install/device,BLOCKED: no archive/signing/device,evidence/screenshots/plumber-plumber-reviews.png,,"Не засчитаны native release/physical, клавиатура/Back/жесты/большой шрифт/permissions. Непоказанные роли/состояния не PASS."
S24,/plumber/rewards,app/plumber/rewards.tsx,approved plumber,balance+reward stock,обычное; loading; empty; error; retry; доступ; сохранение где применимо,plumber: default,BLOCKED: engineering release built; no install/device,BLOCKED: no archive/signing/device,evidence/screenshots/plumber-plumber-rewards.png;evidence/screenshots/plumber-plumber-rewards-bottom.png,,"Не засчитаны native release/physical, клавиатура/Back/жесты/большой шрифт/permissions. Непоказанные роли/состояния не PASS."
S25,/product/[id],app/product/[id].tsx,все,"public; карты скрыты из professional tab bar, direct route остаётся",обычное; loading; empty; error; retry; доступ; сохранение где применимо,guest: default,BLOCKED: engineering release built; no install/device,BLOCKED: no archive/signing/device,evidence/screenshots/guest-product-50f5a432-b716-4112-9195-7055803b5b36.png,D12,"Не засчитаны native release/physical, клавиатура/Back/жесты/большой шрифт/permissions. Непоказанные роли/состояния не PASS."
S26,/profile/about,app/profile/about.tsx,все,"public; карты скрыты из professional tab bar, direct route остаётся",обычное; loading; empty; error; retry; доступ; сохранение где применимо,guest: default,BLOCKED: engineering release built; no install/device,BLOCKED: no archive/signing/device,evidence/screenshots/guest-profile-about.png;evidence/screenshots/guest-profile-about-bottom.png,"D06,D07","Не засчитаны native release/physical, клавиатура/Back/жесты/большой шрифт/permissions. Непоказанные роли/состояния не PASS."
S27,/profile/edit,app/profile/edit.tsx,покупатель/мастер,auth,обычное; loading; empty; error; retry; доступ; сохранение где применимо,customer: default,BLOCKED: engineering release built; no install/device,BLOCKED: no archive/signing/device,evidence/screenshots/customer-profile-edit.png,,"Не засчитаны native release/physical, клавиатура/Back/жесты/большой шрифт/permissions. Непоказанные роли/состояния не PASS."
S28,/profile/telegram,app/profile/telegram.tsx,покупатель/мастер,auth; connected/disconnected,обычное; loading; empty; error; retry; доступ; сохранение где применимо,customer: default,BLOCKED: engineering release built; no install/device,BLOCKED: no archive/signing/device,evidence/screenshots/customer-profile-telegram.png,,"Не засчитаны native release/physical, клавиатура/Back/жесты/большой шрифт/permissions. Непоказанные роли/состояния не PASS."
S29,/category/[id]: поиск и сортировка,см. экранные компоненты,все,public,открытие;выбор;отмена;повтор;disabled;длинное;ошибка;Back;клавиатура где применимо,guest: 320x568; guest: sort selector open; guest: sort selected; guest: empty search; guest: search result,BLOCKED: engineering release built; no install/device,BLOCKED: no archive/signing/device,evidence/screenshots/compact-category.png;evidence/screenshots/extra-sort-open.png;evidence/screenshots/extra-sort-selected.png;evidence/screenshots/extra-category-empty.png;evidence/screenshots/extra-category-search.png;evidence/screenshots/compact-category-bottom.png;evidence/screenshots/extra-sort-open-bottom.png;evidence/screenshots/extra-sort-selected-bottom.png,R02,"Не засчитаны native release/physical, клавиатура/Back/жесты/большой шрифт/permissions. Непоказанные роли/состояния не PASS."
S30,/checkout: pickup/delivery и6 филиалов,см. экранные компоненты,покупатель,auth,открытие;выбор;отмена;повтор;disabled;длинное;ошибка;Back;клавиатура где применимо,customer: default; customer: delivery,BLOCKED: engineering release built; no install/device,BLOCKED: no archive/signing/device,evidence/screenshots/customer-checkout-pickup.png;evidence/screenshots/customer-checkout-delivery.png;evidence/screenshots/flow-select-search.png;evidence/screenshots/flow-trusted-quote.png;evidence/screenshots/flow-lost-response.png;evidence/ui-flows.json,D03,"Не засчитаны native release/physical, клавиатура/Back/жесты/большой шрифт/permissions. Непоказанные роли/состояния не PASS."
S31,/find-plumber: раскрывающаяся форма/отзыв,см. экранные компоненты,покупатель,auth; review после completed,открытие;выбор;отмена;повтор;disabled;длинное;ошибка;Back;клавиатура где применимо,customer: expanded form,BLOCKED: engineering release built; no install/device,BLOCKED: no archive/signing/device,evidence/screenshots/extra-find-plumber-form.png;evidence/screenshots/extra-find-plumber-form-bottom.png,D14,"Не засчитаны native release/physical, клавиатура/Back/жесты/большой шрифт/permissions. Непоказанные роли/состояния не PASS. Форма раскрыта; review dialog и отправка UGC не подтверждены новой UI проверкой."
S32,/admin: Сводка/Анкеты/Заявки/Чеки/Правила,см. экранные компоненты,admin,admin,открытие;выбор;отмена;повтор;disabled;длинное;ошибка;Back;клавиатура где применимо,admin: default; admin: Анкеты; admin: Заявки; admin: Чеки; admin: Правила,BLOCKED: engineering release built; no install/device,BLOCKED: no archive/signing/device,evidence/screenshots/admin-overview.png;evidence/screenshots/admin-applications.png;evidence/screenshots/admin-leads.png;evidence/screenshots/admin-receipts.png;evidence/screenshots/admin-rules.png;evidence/screenshots/admin-overview-bottom.png;evidence/screenshots/admin-applications-bottom.png;evidence/screenshots/admin-receipts-bottom.png;evidence/screenshots/admin-rules-bottom.png,"D01,D15","Не засчитаны native release/physical, клавиатура/Back/жесты/большой шрифт/permissions. Непоказанные роли/состояния не PASS."
S33,/plumber/history:5 фильтров,см. экранные компоненты,approved plumber,auth,открытие;выбор;отмена;повтор;disabled;длинное;ошибка;Back;клавиатура где применимо,plumber: filter Все; plumber: filter Ожидает; plumber: filter Начислено; plumber: filter Использовано; plumber: filter Возвраты,BLOCKED: engineering release built; no install/device,BLOCKED: no archive/signing/device,evidence/screenshots/extra-history-all.png;evidence/screenshots/extra-history-pending.png;evidence/screenshots/extra-history-available.png;evidence/screenshots/extra-history-spent.png;evidence/screenshots/extra-history-returns.png;evidence/screenshots/extra-history-all-bottom.png;evidence/screenshots/extra-history-available-bottom.png;evidence/screenshots/flow-ledger-last-page.png;evidence/ui-flows.json,D11,"Не засчитаны native release/physical, клавиатура/Back/жесты/большой шрифт/permissions. Непоказанные роли/состояния не PASS."
S34,/plumber/rewards: confirm dialog,см. экранные компоненты,approved plumber,доступный баланс,открытие;выбор;отмена;повтор;disabled;длинное;ошибка;Back;клавиатура где применимо,NOT TESTED: native-only acceptance / native Alert unavailable in web,BLOCKED: engineering release built; no install/device,BLOCKED: no archive/signing/device,NATIVE_OWNER_CHECK.md,,"Не засчитаны native release/physical, клавиатура/Back/жесты/большой шрифт/permissions. Непоказанные роли/состояния не PASS. Native Alert confirmation требует Android/iOS; локальная серверная redemption логика проверена отдельно."
S35,Native Alert / permission / keyboard / external app,см. экранные компоненты,все,камера/галерея/яркость/ошибки/подтверждение,открытие;выбор;отмена;повтор;disabled;длинное;ошибка;Back;клавиатура где применимо,NOT TESTED: native-only acceptance / native Alert unavailable in web,BLOCKED: engineering release built; no install/device,BLOCKED: no archive/signing/device,NATIVE_OWNER_CHECK.md,,"Не засчитаны native release/physical, клавиатура/Back/жесты/большой шрифт/permissions. Непоказанные роли/состояния не PASS."
S36,Toast добавления в корзину,см. экранные компоненты,гость/покупатель,product card,открытие;выбор;отмена;повтор;disabled;длинное;ошибка;Back;клавиатура где применимо,guest: add toast,BLOCKED: engineering release built; no install/device,BLOCKED: no archive/signing/device,evidence/screenshots/extra-add-toast.png;evidence/screenshots/extra-add-toast-bottom.png,,"Не засчитаны native release/physical, клавиатура/Back/жесты/большой шрифт/permissions. Непоказанные роли/состояния не PASS."
S37,/delete-account,app/delete-account.tsx,гость/аккаунт,public / identity proof for deletion,new scope; actual observed states only,guest: default; customer: default,BLOCKED: no install/device,BLOCKED: no archive/device,evidence/screenshots/guest-delete-account.png;evidence/screenshots/customer-delete-account.png,D06,"Не засчитаны native release/physical, клавиатура/Back/жесты/большой шрифт/permissions. Непоказанные роли/состояния не PASS. Утверждённые документы и реальный SMS отсутствуют."
S38,/legal/[kind],app/legal/[kind].tsx,гость/аккаунт,public / identity proof for deletion,new scope; actual observed states only,guest: default; guest: default,BLOCKED: no install/device,BLOCKED: no archive/device,evidence/screenshots/guest-legal-privacy.png;evidence/screenshots/guest-legal-loyalty.png,"D07,D08","Не засчитаны native release/physical, клавиатура/Back/жесты/большой шрифт/permissions. Непоказанные роли/состояния не PASS. Утверждённые документы и реальный SMS отсутствуют."
S39,/password-reset,app/password-reset.tsx,гость/аккаунт,public / identity proof for deletion,new scope; actual observed states only,guest: default,BLOCKED: no install/device,BLOCKED: no archive/device,evidence/screenshots/guest-password-reset.png,D01,"Не засчитаны native release/physical, клавиатура/Back/жесты/большой шрифт/permissions. Непоказанные роли/состояния не PASS. Утверждённые документы и реальный SMS отсутствуют."
